record_id,action_label,episode_count,mean_regret,p90_regret,Set_accuracy,NoMove_accuracy,SafeOracle_accuracy,headroom_capture,catastrophic_ratio
babel_val_02592_004,lie,71,8.03778231235234,13.473293781280518,0.0,0.18309859154929578,0.5774647887323944,0.24054224678427472,0.49295774647887325
babel_val_13155_013,sit,71,8.009073583246044,15.149745345115662,0.0,0.014084507042253521,0.14084507042253522,0.18040695412479346,0.4507042253521127
babel_val_07900_000,play instrument,71,6.477930594670474,14.28845202922821,0.23943661971830985,0.2535211267605634,0.7183098591549296,0.4063499593183484,0.39436619718309857
babel_val_01456_006,lie,71,5.0880946123593995,9.628957398235798,0.18309859154929578,0.3380281690140845,0.8873239436619719,0.3252088953983027,0.19718309859154928
babel_val_12454_003,t pose,71,4.9846181779080325,9.846801459789276,0.014084507042253521,0.14084507042253522,0.5352112676056338,0.22704488528647576,0.16901408450704225
babel_val_11303_001,knock,71,4.820909387027455,10.544866263953736,0.14084507042253522,0.07042253521126761,0.3380281690140845,0.5552792512545219,0.2112676056338028
babel_val_01072_000,walk,71,4.68384248747946,10.056710064411163,0.1267605633802817,0.09859154929577464,0.5211267605633803,0.3602208141042062,0.23943661971830985
babel_val_05908_004,stand up,71,4.678663103812141,10.742209434509277,0.15492957746478872,0.07042253521126761,0.49295774647887325,0.4809705192844502,0.19718309859154928
babel_val_01486_014,stumble,71,4.597860698076621,10.295030184555799,0.09859154929577464,0.014084507042253521,0.30985915492957744,0.5105883572037689,0.23943661971830985
babel_val_08721_001,jump,71,4.581274872037892,12.738523483276367,0.29577464788732394,0.2535211267605634,0.8028169014084507,0.574183023705333,0.2535211267605634
babel_val_06970_000,play instrument,71,4.5559819975284155,10.802274703979492,0.08450704225352113,0.056338028169014086,0.38028169014084506,0.4608838870618527,0.18309859154929578
babel_val_11952_003,sit,71,4.493151981529492,8.265977893024683,0.0,0.028169014084507043,0.28169014084507044,0.16791106794724045,0.07042253521126761
babel_val_09422_001,jump,71,4.343424746264953,8.190826833248138,0.04225352112676056,0.04225352112676056,0.39436619718309857,0.5505008033102344,0.09859154929577464
babel_val_06971_008,walk,71,4.105347057279777,8.696844577789307,0.028169014084507043,0.04225352112676056,0.30985915492957744,0.3139660681017948,0.11267605633802817
babel_val_05026_026,stumble,71,3.916388869829463,8.931495189666748,0.2676056338028169,0.1267605633802817,0.6338028169014085,0.6164067072966127,0.1267605633802817
babel_val_01435_006,stumble,71,3.8000309335094102,8.568794786930084,0.014084507042253521,0.0,0.11267605633802817,0.40844737363575456,0.1267605633802817
babel_val_06727_007,walk,71,3.7976743334920298,8.944379354055854,0.30985915492957744,0.2112676056338028,0.676056338028169,0.39763967211727563,0.14084507042253522
babel_val_11307_014,kick,71,3.543646078576452,8.284051967784762,0.23943661971830985,0.07042253521126761,0.647887323943662,0.4909193725361984,0.09859154929577464
babel_val_05026_025,stumble,71,3.5376010849034007,6.647288770414889,0.04225352112676056,0.056338028169014086,0.4084507042253521,0.5070957372457875,0.028169014084507043
babel_val_11446_014,jog,71,3.470915192438913,6.924207225441933,0.056338028169014086,0.08450704225352113,0.49295774647887325,0.6398692391519435,0.07042253521126761
babel_val_04108_008,walk,71,3.436231148239425,8.675425410270691,0.22535211267605634,0.1267605633802817,0.6056338028169014,0.6630503020820081,0.11267605633802817
babel_val_04240_000,throw,71,3.281613706066553,9.028717994689941,0.323943661971831,0.19718309859154928,0.6901408450704225,0.6215698317899376,0.14084507042253522
babel_val_05367_020,jump,71,3.1586561385261827,8.148516230285168,0.23943661971830985,0.23943661971830985,0.7323943661971831,0.6263492589283376,0.09859154929577464
babel_val_10672_008,stumble,71,3.133863417637335,10.455419197678566,0.4507042253521127,0.2535211267605634,0.8450704225352113,0.6820650525435492,0.16901408450704225
babel_val_03330_000,throw,71,3.125303380675305,8.80005590422661,0.352112676056338,0.15492957746478872,0.6901408450704225,0.655995345872662,0.14084507042253522
babel_val_07420_004,move up/down incline,71,3.124205179394446,7.046511888504028,0.2112676056338028,0.09859154929577464,0.4647887323943662,0.631492573143759,0.07042253521126761
babel_val_05437_000,throw,71,3.056834230609395,8.544778823852539,0.39436619718309857,0.16901408450704225,0.6901408450704225,0.718931698017573,0.11267605633802817
babel_val_06173_002,stumble,71,3.032966296414805,9.246643096208572,0.323943661971831,0.18309859154929578,0.6197183098591549,0.6551915453744253,0.14084507042253522
babel_val_08758_002,move up/down incline,71,2.8989532161577816,8.633008480072021,0.5070422535211268,0.2112676056338028,0.8309859154929577,0.6715401815063625,0.1267605633802817
babel_val_09636_010,kick,71,2.8726493226276943,8.256539151072502,0.28169014084507044,0.2112676056338028,0.7464788732394366,0.6588710990022288,0.08450704225352113
babel_val_02541_013,walk,71,2.859724430326257,6.271656513214111,0.2535211267605634,0.11267605633802817,0.6197183098591549,0.5996422603979352,0.056338028169014086
babel_val_08494_013,throw,71,2.815186685395234,7.780188083648682,0.4647887323943662,0.22535211267605634,0.7323943661971831,0.6525183128926889,0.09859154929577464
babel_val_09721_003,walk,71,2.8066008820473667,10.07580252434127,0.49295774647887325,0.352112676056338,0.8873239436619719,0.5150056164650643,0.1267605633802817
babel_val_10251_006,stand up,71,2.800284671767707,8.95731571316719,0.07042253521126761,0.028169014084507043,0.28169014084507044,0.6656041763625451,0.11267605633802817
babel_val_04799_010,stand up,71,2.732996079613066,7.791645346820587,0.49295774647887325,0.43661971830985913,0.8732394366197183,0.3815127420135979,0.07042253521126761
babel_val_06204_001,stumble,71,2.714032262694878,7.863552570343018,0.15492957746478872,0.07042253521126761,0.4084507042253521,0.661230756532968,0.056338028169014086
babel_val_04147_001,jump,71,2.6869601178913283,5.517339002341032,0.30985915492957744,0.23943661971830985,0.8028169014084507,0.6679859488709607,0.04225352112676056
babel_val_07148_004,stumble,71,2.6444181061126817,7.354288578033447,0.014084507042253521,0.014084507042253521,0.056338028169014086,0.6773869140429433,0.056338028169014086
babel_val_09244_000,stand up,71,2.637332205411414,8.062901258468628,0.11267605633802817,0.056338028169014086,0.36619718309859156,0.6597924953728211,0.08450704225352113
babel_val_09324_000,stand up,71,2.6352284961177883,7.723023088648915,0.4225352112676056,0.28169014084507044,0.676056338028169,0.45110810552179864,0.07042253521126761
babel_val_05913_004,knock,71,2.620994930024508,9.531733006238937,0.4788732394366197,0.16901408450704225,0.6619718309859155,0.7771902758773424,0.14084507042253522
babel_val_03265_006,stand up,71,2.6127367827149346,7.079345881938934,0.15492957746478872,0.08450704225352113,0.4507042253521127,0.5298120718382553,0.08450704225352113
babel_val_02066_000,stumble,71,2.5963935890484233,8.018772467970848,0.15492957746478872,0.09859154929577464,0.352112676056338,0.7311385500181038,0.028169014084507043
babel_val_09422_009,jump,71,2.5562780826702194,6.95781409740448,0.352112676056338,0.3380281690140845,0.8309859154929577,0.7078042683503596,0.0
babel_val_06739_013,jump,71,2.54047509150159,6.7566681653261185,0.4225352112676056,0.2676056338028169,0.8873239436619719,0.7402131844994936,0.08450704225352113
babel_val_02765_002,jump,71,2.47144250301513,5.9348509311676025,0.19718309859154928,0.056338028169014086,0.5774647887323944,0.6906479328198164,0.014084507042253521
babel_val_05117_000,kick,71,2.4609033938129383,6.187617659568787,0.36619718309859156,0.15492957746478872,0.6338028169014085,0.605819020463598,0.07042253521126761
babel_val_06175_002,play instrument,71,2.435928287143462,6.418805480003357,0.323943661971831,0.16901408450704225,0.7746478873239436,0.6872631693634129,0.028169014084507043
babel_val_03720_000,knock,71,2.4238802354942743,8.293292045593262,0.4647887323943662,0.18309859154929578,0.6619718309859155,0.7929219458355842,0.09859154929577464
babel_val_07110_000,stand up,71,2.423386885633718,6.298389196395874,0.23943661971830985,0.056338028169014086,0.4647887323943662,0.5569914141345902,0.07042253521126761
babel_val_03893_014,kick,71,2.2642580641381946,7.465162272914313,0.43661971830985913,0.2676056338028169,0.8873239436619719,0.6734930278859819,0.056338028169014086
babel_val_02381_003,a pose,71,2.249991234180592,10.207072675228119,0.7746478873239436,0.5211267605633803,0.9577464788732394,0.6515340910428101,0.1267605633802817
babel_val_05620_000,throw,71,2.145213543415491,6.992053747540922,0.323943661971831,0.11267605633802817,0.647887323943662,0.7663553142932524,0.08450704225352113
babel_val_04587_000,jog,71,2.1014878400464654,7.002030565403402,0.5774647887323944,0.30985915492957744,0.8591549295774648,0.7823138938884121,0.056338028169014086
babel_val_11897_000,jump,71,2.0915669565230184,5.166050940752029,0.4225352112676056,0.30985915492957744,0.9154929577464789,0.7336956609799795,0.014084507042253521
babel_val_02062_010,walk,71,2.0141465302827704,4.821660729125142,0.36619718309859156,0.323943661971831,0.9154929577464789,0.6824761649540474,0.014084507042253521
babel_val_07564_004,walk,71,1.975845582597765,6.001336365938187,0.49295774647887325,0.323943661971831,0.9154929577464789,0.7258750408618707,0.014084507042253521
babel_val_06366_000,throw,71,1.9674606138540927,6.848351716995239,0.5915492957746479,0.2535211267605634,0.8169014084507042,0.7571957011469784,0.07042253521126761
babel_val_06078_002,lie,71,1.9396964108429406,8.504045049048727,0.6197183098591549,0.704225352112676,1.0,0.6064582807383575,0.11267605633802817
babel_val_02439_000,jog,71,1.8952812049285832,7.328104496002197,0.5915492957746479,0.4084507042253521,0.8450704225352113,0.7761720791504078,0.08450704225352113
babel_val_11115_014,move up/down incline,71,1.8762288635813271,5.857816033065319,0.5211267605633803,0.16901408450704225,0.7746478873239436,0.7491428252994586,0.056338028169014086
babel_val_00826_003,a pose,71,1.870459887163507,5.939569622743875,0.5915492957746479,0.4788732394366197,0.971830985915493,0.6936610477215338,0.056338028169014086
babel_val_12780_000,jog,71,1.8465018697252706,6.002293109893799,0.5915492957746479,0.3380281690140845,0.8450704225352113,0.8013777121358724,0.056338028169014086
babel_val_12470_004,jog,71,1.8386679970111683,5.593464307952672,0.4647887323943662,0.2676056338028169,0.8309859154929577,0.7521906483083769,0.014084507042253521
babel_val_03480_008,jump,71,1.7808774518108665,7.8362229615449905,0.676056338028169,0.39436619718309857,0.8450704225352113,0.7273361599007319,0.07042253521126761
babel_val_05947_007,walk,71,1.750960746111777,6.267321237377473,0.5211267605633803,0.29577464788732394,0.8732394366197183,0.7371610213451741,0.04225352112676056
babel_val_12609_014,walk,71,1.7112160789465505,4.866333389654756,0.4084507042253521,0.29577464788732394,0.8028169014084507,0.7417648323983367,0.04225352112676056
babel_val_08835_004,cartwheel,71,1.6995394628553038,6.35005983710289,0.647887323943662,0.5352112676056338,0.9295774647887324,0.7621164579820486,0.056338028169014086
babel_val_09253_005,jog,71,1.669126535565123,6.950260162353516,0.7746478873239436,0.323943661971831,0.9436619718309859,0.8319699810595339,0.09859154929577464
babel_val_04235_018,throw,71,1.6611430521411485,7.001707039773464,0.6056338028169014,0.352112676056338,0.8873239436619719,0.7397290338232233,0.056338028169014086
babel_val_04822_000,throw,71,1.6403341361160035,6.979149580001831,0.5492957746478874,0.2676056338028169,0.7323943661971831,0.8103657225708221,0.056338028169014086
babel_val_02769_003,stand up,71,1.6347827985347219,6.057760134339333,0.5211267605633803,0.5352112676056338,0.9014084507042254,0.6555968998665174,0.014084507042253521
babel_val_05925_011,sit,71,1.575772211469036,6.52323453547433,0.7323943661971831,0.6338028169014085,0.9577464788732394,0.7759679703940858,0.08450704225352113
babel_val_07472_000,jump,71,1.5570543187450696,4.76418475038372,0.6197183098591549,0.39436619718309857,0.9014084507042254,0.8400748545614387,0.028169014084507043
babel_val_08684_000,jog,71,1.5347150558689264,7.310781362102716,0.7464788732394366,0.49295774647887325,0.971830985915493,0.8125481321366215,0.056338028169014086
babel_val_08190_001,stand up,71,1.4709798623741637,5.182010173808976,0.6338028169014085,0.4225352112676056,0.9014084507042254,0.6968043650300096,0.04225352112676056
babel_val_06203_017,cartwheel,71,1.4667609883336816,5.197012188611552,0.6338028169014085,0.4788732394366197,0.9436619718309859,0.6965345050772558,0.028169014084507043
babel_val_05938_000,kick,71,1.4640137029893057,4.3401340249074565,0.6619718309859155,0.4225352112676056,0.9014084507042254,0.7894470857847701,0.056338028169014086
babel_val_10207_004,jump,71,1.4389759189988627,4.598506301641464,0.6197183098591549,0.5492957746478874,0.9436619718309859,0.830809353449553,0.014084507042253521
babel_val_11439_006,stand up,71,1.433685708247855,6.149972370127216,0.704225352112676,0.6197183098591549,0.9859154929577465,0.685093354398585,0.028169014084507043
babel_val_10270_000,t pose,71,1.4286427804011006,6.604194277606439,0.7746478873239436,0.6901408450704225,1.0,0.6768833547107457,0.056338028169014086
babel_val_06540_000,move up/down incline,71,1.4091423467275825,3.7317838254384696,0.5633802816901409,0.28169014084507044,0.8873239436619719,0.7902208329130795,0.04225352112676056
babel_val_00273_000,kick,71,1.3914469045208329,5.420177936553955,0.6619718309859155,0.352112676056338,0.8732394366197183,0.7542385873275679,0.028169014084507043
babel_val_03474_001,a pose,71,1.3439694915904075,5.136519074647367,0.7746478873239436,0.5633802816901409,0.9577464788732394,0.8719673526427907,0.07042253521126761
babel_val_12303_000,jog,71,1.3225899953752713,7.287044393335236,0.7887323943661971,0.4788732394366197,0.971830985915493,0.8494941884213679,0.056338028169014086
babel_val_05997_002,crawl,71,1.32110238413002,5.104095582246373,0.647887323943662,0.4225352112676056,0.8732394366197183,0.7052732289873992,0.028169014084507043
babel_val_09031_000,kick,71,1.2963033545716494,5.420177936553955,0.6619718309859155,0.28169014084507044,0.8732394366197183,0.8141435050179439,0.014084507042253521
babel_val_10997_000,kick,71,1.2796841291767098,5.6570537611842155,0.6901408450704225,0.28169014084507044,0.8732394366197183,0.8265253259410814,0.028169014084507043
babel_val_09492_005,jog,71,1.2738005478174055,4.903443867282476,0.6619718309859155,0.5492957746478874,0.8873239436619719,0.8176494306013657,0.028169014084507043
babel_val_10675_004,move up/down incline,71,1.262984322085583,3.8189575106371194,0.5915492957746479,0.29577464788732394,0.8309859154929577,0.7831354059600962,0.014084507042253521
babel_val_03823_000,sit,71,1.237829927317544,4.290193220615038,0.6338028169014085,0.5774647887323944,0.971830985915493,0.5298485323637893,0.014084507042253521
babel_val_08063_008,walk,71,1.2331673654921167,3.611983433365822,0.49295774647887325,0.22535211267605634,0.8591549295774648,0.8450150018176927,0.0
babel_val_12992_011,jump,71,1.2089478412441763,5.144930884242058,0.7323943661971831,0.4788732394366197,0.9436619718309859,0.7724818904138278,0.028169014084507043
babel_val_02969_013,walk,71,1.2032517528889617,3.7851514499634504,0.647887323943662,0.352112676056338,0.9154929577464789,0.9181808284287029,0.04225352112676056
babel_val_11115_011,move up/down incline,71,1.2018192195509374,5.395262718200684,0.6901408450704225,0.28169014084507044,0.8450704225352113,0.8557876923354917,0.014084507042253521
babel_val_12902_000,a pose,71,1.1942321769044202,3.771972748450935,0.6197183098591549,0.43661971830985913,0.9154929577464789,0.857957246207888,0.014084507042253521
babel_val_05393_000,t pose,71,1.1822891628890089,4.173424862092361,0.704225352112676,0.5633802816901409,0.971830985915493,0.796833472583836,0.028169014084507043
babel_val_11709_029,stand up,71,1.1807212965713212,4.172557650919771,0.6197183098591549,0.29577464788732394,0.9014084507042254,0.7690003447995193,0.014084507042253521
babel_val_06557_000,jog,71,1.1792925724667014,5.588083267211914,0.7323943661971831,0.4084507042253521,0.9014084507042254,0.8503176503619757,0.014084507042253521
babel_val_02584_000,jog,71,1.1776109871170646,4.636609638109803,0.7323943661971831,0.4507042253521127,0.971830985915493,0.8658836674936224,0.014084507042253521
babel_val_09445_001,jump,71,1.1502767718803195,5.0863186303613475,0.6901408450704225,0.4225352112676056,0.971830985915493,0.8980244737130679,0.0
babel_val_09445_000,jump,71,1.1412741312050727,3.795603214763105,0.7464788732394366,0.4647887323943662,0.9014084507042254,0.8823227270882001,0.028169014084507043
babel_val_07169_000,sit,71,1.1408576430816615,6.3147024749196135,0.8450704225352113,0.6901408450704225,0.9859154929577465,0.8274468413398761,0.056338028169014086
babel_val_07564_000,stand up,71,1.1297064575780278,3.7464913008734584,0.6901408450704225,0.49295774647887325,0.9859154929577465,0.7725538132282854,0.0
babel_val_05484_009,walk,71,1.1056875599748361,3.0021480785508174,0.5915492957746479,0.4084507042253521,0.9577464788732394,0.818803322182827,0.014084507042253521
babel_val_05725_005,kick,71,1.093621895855558,4.758130738162436,0.676056338028169,0.36619718309859156,0.9154929577464789,0.8336627239958277,0.0
babel_val_07697_000,crawl,71,1.0532252495088958,3.197583225555718,0.676056338028169,0.43661971830985913,0.9154929577464789,0.8319023492179,0.014084507042253521
babel_val_11115_015,move up/down incline,71,1.0504227310564243,3.691770076751709,0.7183098591549296,0.352112676056338,0.8873239436619719,0.8429770770935705,0.014084507042253521
babel_val_09569_000,kick,71,1.0498409001387392,3.7987528406083584,0.676056338028169,0.43661971830985913,0.8732394366197183,0.8015565436355662,0.028169014084507043
babel_val_07833_000,walk,71,1.03805092805387,3.2279473543167114,0.647887323943662,0.4084507042253521,0.8873239436619719,0.7991648374767026,0.014084507042253521
babel_val_04539_006,move up/down incline,71,1.0373752297374543,3.1208821553955204,0.7464788732394366,0.4507042253521127,0.9577464788732394,0.8522060577521438,0.028169014084507043
babel_val_01403_006,jump,71,1.0331161144339087,3.7507013455033302,0.7605633802816901,0.4225352112676056,0.9859154929577465,0.838852192178212,0.028169014084507043
babel_val_03845_000,a pose,71,1.0306373319720696,3.153766529634595,0.8591549295774648,0.5774647887323944,0.9859154929577465,0.9100042948009639,0.04225352112676056
babel_val_03474_002,a pose,71,1.0295039545191915,3.2630698680877686,0.8169014084507042,0.6619718309859155,0.9436619718309859,0.7790176917526637,0.028169014084507043
babel_val_09492_000,jump,71,1.0098844480402545,3.3345783949407632,0.6901408450704225,0.5070422535211268,0.8873239436619719,0.8241624077035837,0.014084507042253521
babel_val_10547_006,walk,71,1.0040059078268135,3.2068099370226264,0.6901408450704225,0.4788732394366197,0.9014084507042254,0.8625933051668488,0.028169014084507043
babel_val_04829_002,crawl,71,0.9978798440458031,3.7094534765928984,0.7887323943661971,0.4647887323943662,0.9436619718309859,0.7973059808912017,0.04225352112676056
babel_val_02193_000,jump,71,0.9944380837053821,3.565025428775698,0.7183098591549296,0.647887323943662,0.971830985915493,0.7524258765432668,0.014084507042253521
babel_val_04539_024,move up/down incline,71,0.9857665045390214,2.6213803293940146,0.6619718309859155,0.28169014084507044,0.8309859154929577,0.8182626965814966,0.028169014084507043
babel_val_10675_052,move up/down incline,71,0.9788767130035332,3.362017050385475,0.6056338028169014,0.19718309859154928,0.8591549295774648,0.8812685960512927,0.014084507042253521
babel_val_07760_002,kick,71,0.9594612911049932,4.123656392097473,0.7464788732394366,0.3380281690140845,0.9577464788732394,0.8040514403431006,0.014084507042253521
babel_val_12788_000,jump,71,0.9506449945334075,3.3842920066635998,0.7183098591549296,0.4507042253521127,0.9154929577464789,0.9089974733900352,0.014084507042253521
babel_val_02170_003,a pose,71,0.929111624173629,3.595820427435683,0.7605633802816901,0.4647887323943662,0.9436619718309859,0.890405772335938,0.014084507042253521
babel_val_04207_013,sit,71,0.9260321787367656,2.2066038553602993,0.7887323943661971,0.6056338028169014,0.9859154929577465,0.8547055157383303,0.056338028169014086
babel_val_08435_000,t pose,71,0.8749883492723466,4.098253250294874,0.8028169014084507,0.6056338028169014,0.9859154929577465,0.8201566034958994,0.014084507042253521
babel_val_04235_016,throw,71,0.8736228261899802,3.8840134143829346,0.7464788732394366,0.49295774647887325,0.9577464788732394,0.8707819049376786,0.0
babel_val_07110_002,sit,71,0.8078048516603252,2.579514741897583,0.7183098591549296,0.5915492957746479,0.9577464788732394,0.6886234988652765,0.014084507042253521
babel_val_11115_004,move up/down incline,71,0.7927482891754117,3.164443258952815,0.647887323943662,0.38028169014084506,0.8591549295774648,0.8663463763384641,0.0
babel_val_09870_001,walk,71,0.7700868574233617,2.069217681934788,0.7464788732394366,0.4084507042253521,0.9154929577464789,0.8409158715537436,0.028169014084507043
babel_val_01225_002,a pose,71,0.7473292680237518,1.1056461334228516,0.8732394366197183,0.5774647887323944,0.9577464788732394,0.8992999270452628,0.014084507042253521
babel_val_06452_002,move up/down incline,71,0.7342294200561692,2.283960744738579,0.647887323943662,0.2676056338028169,0.8732394366197183,0.8845889941204059,0.0
babel_val_05026_007,t pose,71,0.7266232013564846,2.336930274963379,0.8591549295774648,0.5633802816901409,0.9859154929577465,0.8862520918200695,0.028169014084507043
babel_val_04396_000,jog,71,0.7204382338871137,2.8888720273971558,0.8450704225352113,0.5211267605633803,0.9859154929577465,0.8983986957983756,0.028169014084507043
babel_val_04539_007,move up/down incline,71,0.7143369313854561,2.0958134522661567,0.8309859154929577,0.4084507042253521,0.9577464788732394,0.8737400355402202,0.014084507042253521
babel_val_12470_006,jog,71,0.7087799245284317,2.6612128019842203,0.7746478873239436,0.49295774647887325,0.9436619718309859,0.8969104446493019,0.0
babel_val_04276_001,t pose,71,0.7079086370377125,3.347665011882782,0.8591549295774648,0.647887323943662,1.0,0.8774320148086964,0.0
babel_val_00611_001,t pose,71,0.6838951590334327,3.2558882284283754,0.8591549295774648,0.6338028169014085,0.9859154929577465,0.8058210150228985,0.028169014084507043
babel_val_09817_000,t pose,71,0.6829791376151978,1.0000786790005805,0.8873239436619719,0.6197183098591549,0.9577464788732394,0.8353728743494957,0.014084507042253521
babel_val_10675_006,move up/down incline,71,0.6489612775362229,2.527926683426017,0.6338028169014085,0.29577464788732394,0.8591549295774648,0.9098520177199301,0.0
babel_val_10931_007,t pose,71,0.6413790445706142,2.468872606754303,0.7887323943661971,0.676056338028169,0.9859154929577465,0.8162607479288276,0.014084507042253521
babel_val_04539_010,move up/down incline,71,0.6409198752119346,2.489299774169922,0.8450704225352113,0.38028169014084506,0.971830985915493,0.8942999395035172,0.0
babel_val_04572_003,stand up,71,0.6343146178225058,1.2946221828460693,0.8591549295774648,0.6338028169014085,0.971830985915493,0.9302286559973154,0.014084507042253521
babel_val_06537_000,move up/down incline,71,0.6176674849336244,1.8187601566314697,0.8450704225352113,0.39436619718309857,0.9436619718309859,0.89948945361498,0.014084507042253521
babel_val_01511_000,t pose,71,0.6170084360262936,0.5212087631643954,0.8873239436619719,0.6901408450704225,0.9859154929577465,0.8725456291710304,0.028169014084507043
babel_val_00906_004,walk,71,0.5846843357225815,1.8616957435151562,0.7323943661971831,0.43661971830985913,0.9014084507042254,0.912808979340011,0.014084507042253521
babel_val_10294_000,jog,71,0.5793286781989163,2.524836918892106,0.8450704225352113,0.4647887323943662,1.0,0.9331911604849764,0.0
babel_val_00826_002,a pose,71,0.5764062441137315,1.3659929716959596,0.8309859154929577,0.5774647887323944,0.971830985915493,0.9144049830009758,0.0
babel_val_07743_007,sit,71,0.5681973156114394,0.4527394915930927,0.9436619718309859,0.7183098591549296,1.0,0.8385963475328773,0.028169014084507043
babel_val_13164_000,walk,71,0.5672443842646816,1.262799933552742,0.8591549295774648,0.5633802816901409,0.971830985915493,0.9042055089576689,0.014084507042253521
babel_val_09107_000,crawl,71,0.558723519566882,1.7847693972289562,0.7464788732394366,0.4084507042253521,0.9014084507042254,0.8816319158580586,0.0
babel_val_07929_000,jump,71,0.5581518872010061,2.0761340856552124,0.8309859154929577,0.5915492957746479,0.971830985915493,0.8813508706832847,0.014084507042253521
babel_val_11937_000,sit,71,0.557655883276937,1.363421442823892,0.8309859154929577,0.647887323943662,0.971830985915493,0.78892605089049,0.014084507042253521
babel_val_12356_000,t pose,71,0.5524300544152888,2.3028239181730896,0.8450704225352113,0.5774647887323944,0.971830985915493,0.9687741310963313,0.0
babel_val_05566_001,a pose,71,0.5393399681861811,0.034572090999972716,0.9154929577464789,0.647887323943662,0.971830985915493,0.8719932145806898,0.014084507042253521
babel_val_05011_002,jog,71,0.5294508191704378,1.1236580612785474,0.8450704225352113,0.4647887323943662,0.9577464788732394,0.9287583310937753,0.014084507042253521
babel_val_05473_003,a pose,71,0.5286759979966272,0.40054878592627574,0.9014084507042254,0.6901408450704225,0.9859154929577465,0.926324823387077,0.014084507042253521
babel_val_01456_013,t pose,71,0.4938173719991635,1.1072736979103865,0.8591549295774648,0.6197183098591549,0.971830985915493,0.8753761039795296,0.0
babel_val_10112_001,stand up,71,0.4844719744596218,1.628658771515802,0.8591549295774648,0.647887323943662,0.9859154929577465,0.8163951827788689,0.0
babel_val_08258_007,jump,71,0.4841236987470885,1.7999494076229894,0.8450704225352113,0.6901408450704225,0.9859154929577465,0.9029003057700394,0.0
babel_val_03290_009,t pose,71,0.4839093542043599,0.21793788671496372,0.9295774647887324,0.676056338028169,1.0,0.9093491480553489,0.028169014084507043
babel_val_00470_005,t pose,71,0.3947642624043179,0.09219817080611392,0.9014084507042254,0.676056338028169,0.9859154929577465,0.9409729169844794,0.014084507042253521
babel_val_08702_004,jog,71,0.3764343694283637,0.5546048050746322,0.8732394366197183,0.5352112676056338,0.9577464788732394,0.9474242368619648,0.0
babel_val_06598_000,sit,71,0.3594426361489023,0.06739199440926313,0.9577464788732394,0.7605633802816901,1.0,0.9620868138165027,0.014084507042253521
babel_val_01190_005,walk,71,0.3530791469922348,1.334912657737732,0.8450704225352113,0.6338028169014085,0.9859154929577465,0.9577788531526432,0.0
babel_val_00047_001,a pose,71,0.340909806318045,0.01148026373994071,0.9436619718309859,0.6901408450704225,0.971830985915493,0.898937374689445,0.014084507042253521
babel_val_04819_002,move up/down incline,71,0.32939857310188797,0.04113266281456163,0.9295774647887324,0.5070422535211268,0.971830985915493,0.9378730409541316,0.014084507042253521
babel_val_02203_000,a pose,71,0.313231684429889,0.014879827096592635,0.9295774647887324,0.6619718309859155,0.9859154929577465,0.9230992581489805,0.0
babel_val_06185_004,kick,71,0.31316117627167367,0.38519770518905716,0.9154929577464789,0.5352112676056338,0.9859154929577465,0.9364615669450439,0.014084507042253521
babel_val_02062_000,a pose,71,0.30487622755624494,0.01759670994943008,0.9577464788732394,0.676056338028169,0.9859154929577465,0.918413048667056,0.014084507042253521
babel_val_00674_001,t pose,71,0.30275845388715505,0.18514546773985785,0.9577464788732394,0.7464788732394366,1.0,0.991409227471029,0.014084507042253521
babel_val_12510_003,move up/down incline,71,0.2954484340686503,0.6200440082175191,0.8873239436619719,0.4507042253521127,0.971830985915493,0.9449539165575139,0.0
babel_val_04478_005,sit,71,0.2845750409337277,0.6266424498753622,0.9436619718309859,0.5633802816901409,1.0,0.9018272979938518,0.0
babel_val_05576_005,t pose,71,0.2742385932192064,0.25947169959545135,0.9154929577464789,0.647887323943662,0.9859154929577465,0.917390673497135,0.0
babel_val_10473_001,t pose,71,0.2675626867327614,0.46188246458768845,0.9154929577464789,0.704225352112676,1.0,0.8955240069908487,0.0
babel_val_11368_008,walk,71,0.2643396128864591,0.1754448115825653,0.9154929577464789,0.4225352112676056,0.9436619718309859,0.9674708060660355,0.014084507042253521
babel_val_00214_005,sit,71,0.23250746623735838,0.13023157419911513,0.9154929577464789,0.676056338028169,0.971830985915493,0.8577954110260757,0.0
babel_val_08843_036,stand up,71,0.22103780854468363,0.024775840357051493,0.9154929577464789,0.6901408450704225,0.9859154929577465,0.9739493662739679,0.0
babel_val_06435_003,t pose,71,0.22030607037515512,0.35855713488263063,0.9154929577464789,0.6901408450704225,1.0,0.9424515435155124,0.0
babel_val_07862_000,t pose,71,0.2108351724761137,0.08385603950591758,0.971830985915493,0.6197183098591549,1.0,0.9905512342651038,0.014084507042253521
babel_val_08804_002,sit,71,0.20931201478895314,0.015848655777517706,0.9577464788732394,0.6056338028169014,0.9859154929577465,0.8905109232919322,0.0
babel_val_03972_003,sit,71,0.20642658285667873,0.1569704368012026,0.9295774647887324,0.6619718309859155,0.9859154929577465,0.8804900873260811,0.0
babel_val_09795_005,sit,71,0.15168708596098268,0.08784831315665542,0.9577464788732394,0.6197183098591549,1.0,0.8860983306884459,0.0
babel_val_05336_000,sit,71,0.1476641944109232,0.023055838828440756,0.9436619718309859,0.7323943661971831,0.9859154929577465,0.9176170692689566,0.0
babel_val_00855_000,sit,71,0.1425828603399642,0.19348243833519518,0.9577464788732394,0.7183098591549296,1.0,0.9532382485618324,0.0
babel_val_03972_009,stand up,71,0.13699139508137073,0.22561699224752374,0.971830985915493,0.7605633802816901,1.0,0.9739648120081381,0.0
babel_val_12410_001,t pose,71,0.13463899027520765,0.2944619357626834,0.9577464788732394,0.647887323943662,1.0,0.9781341880893331,0.0
babel_val_12789_002,move up/down incline,71,0.12197140652933124,0.12454894186248566,0.9154929577464789,0.39436619718309857,0.9577464788732394,0.9812481535886077,0.0
babel_val_07451_010,stand up,71,0.08344697708086703,0.2830899059904368,0.971830985915493,0.6901408450704225,1.0,0.9703267891144652,0.0
babel_val_01669_002,sit,71,0.08311707121104736,0.23140028152556624,0.9577464788732394,0.5211267605633803,0.9859154929577465,0.9682480881983395,0.0
babel_val_07451_011,stand up,71,0.06142133521369351,0.003322786884382367,0.9859154929577465,0.704225352112676,1.0,0.9713636373544394,0.0
babel_val_07697_002,stand up,71,0.051133453168944645,0.031927435273246374,0.9859154929577465,0.8169014084507042,1.0,0.9931723542855048,0.0
babel_val_05836_006,sit,71,0.020526275374229852,0.012445645392290317,1.0,0.7183098591549296,1.0,0.982225609743279,0.0
babel_val_09418_004,stand up,71,0.018497537838614245,0.0028704882134036325,1.0,0.6901408450704225,1.0,0.9924901577651066,0.0
babel_val_09771_004,sit,71,0.008733832419690297,0.006496700530988164,1.0,0.6901408450704225,1.0,0.9939426526930876,0.0
